genus	records_after_dedup	main_primary	main_conflict_kept	file	sha256
Bombus	19246	12827	14015	Bombus_records.tsv.gz	3e2f9abee6837c4c3fa941aa3327a0a175c3fcc545d9cc12526304fa77040c71
Andrena	11355	7246	7524	Andrena_records.tsv.gz	ec2cd22fe5cb450d0ddcc3ad4de136844d703af803aa342a37cba2a74e347785
Lasioglossum	23242	11947	12678	Lasioglossum_records.tsv.gz	2df824c9440e5a8439b74600afb9a90eb91240215fc5316aa7d2cb1b5d16811f
Megachile	6191	3348	3575	Megachile_records.tsv.gz	236dbcce50d892b7f2e712ef66fcc4980181f68ad9b61e4b8d71094694e29ddc
Eupithecia	13206	7373	8179	Eupithecia_records.tsv.gz	a79c890dc7c49f076a7787678aca4bf85774f795406cc9a311e4b3b4030e7001
Xestia	3590	3129	3273	Xestia_records.tsv.gz	ae8cd4d16a473d529653766c4c58d41c85f5d3cf899ef5aa2f7be41478be5065
Aedes	44950	10691	11972	Aedes_records.tsv.gz	b36da78c1b2508cd55f87f3de3bc41c9d44435dd5f02c299894c0f884d1a0b25
Hylaeus	5056	2058	2257	Hylaeus_records.tsv.gz	a8c3ae9a4ef5db54a6f56d3dc7510e61b060646328c93e860865e8b762f73477
Pardosa	7885	6968	7366	Pardosa_records.tsv.gz	548e016eed443b6ff45ce77aba7821a96df25e8e92294a1003a3742617b148fa
